{
  "precision@k": 0.0023333333333333335,
  "recall@k": 0.01,
  "hit_rate@k": 0.023333333333333334,
  "ndcg@k": 0.0063080424329099265,
  "diversity": 0.7683703703703703,
  "coverage": 0.14576802507836992,
  "novelty": 0.9227166666666666,
  "personalization": 0.9961404842795734,
  "num_users_evaluated": 300
}