{
  "Precision@K": 0.0006036217303822939,
  "Recall@K": 0.0032416722557567627,
  "HitRate@K": 0.006036217303822937,
  "NDCG@K": 0.001392341893203478,
  "Diversity": 0.7223340040241448,
  "Novelty": 0.3358430583501006,
  "AvgPopularity": 66.41569416498994,
  "Coverage": 0.06445804825351098,
  "N_Evaluated": 497
}