{
  "precision@k": 0.015,
  "recall@k": 0.02903174603174603,
  "ndcg@k": 0.022516686192531922,
  "diversity": 0.37777777777777777,
  "coverage": 0.0026621490803484995,
  "num_users_evaluated": 200
}