{
  "precision@k": 0.008333333333333333,
  "recall@k": 0.04888888888888889,
  "ndcg@k": 0.042660862987142514,
  "diversity": 0.9765185185185186,
  "coverage": 0.09217506631299735,
  "novelty": 0.0,
  "personalization": 0.9658456371657361,
  "num_users_evaluated": 300
}